ticker,vault,weeks,cagr,vol,sharpe,max_dd,worst_week,total,bh_cagr,bh_vol,bh_sharpe,bh_max_dd,bh_worst_week,bh_total,assigned,avg_premium_yield,avg_vault_yield,avg_strike_vs_spot,avg_sigma,premium_total,payout_total,fees_total,overlay_ratio,2020 crash,2020 crash bh,2020 rebound,2020 rebound bh,2022 bear,2022 bear bh,mandate_rejects,mandate_reasons,delta,vrp,premium_bps,reinvest,vol_source
TSLA,covered call,403,0.2087662112922617,0.43761064394810056,0.648108272598927,-0.6389369564112222,-0.2432202248254698,3.3180993772814,0.43998335172296943,0.6230785934090316,0.8868222446588867,-0.7224590781183957,-0.2586126635927234,15.663630203743672,0.13895781637717122,0.002792504658384207,0.001631758102095921,0.08358700617772412,0.5904787443530277,2.5062805306371363,6.409075667953795,0.22009876635847692,2.5572060228726694,-0.4273425685322315,-0.4656075390275376,4.976397007459959,7.2528707095113205,-0.37267743983941204,-0.41807187926454237,0,,0.1,1.0,1.0,False,realized
TSLA,cash-secured put,403,-0.04594483630399693,0.057791466897710746,-0.780296177161929,-0.3260613284984776,-0.05529059959146365,-0.304328734807253,0.43998335172296943,0.6230785934090316,0.8868222446588867,-0.7224590781183957,-0.2586126635927234,15.663630203743672,0.13647642679900746,0.0032217897222405244,0.001540660692321076,-0.07251533600596737,0.5904787443530277,0.5502088259850446,0.8062316251706292,0.04830593562166799,1.4653193243987395,-0.028195419416587986,-0.4656075390275376,0.010490309810974097,7.2528707095113205,-0.05773138524107557,-0.41807187926454237,403,DeltaOutOfBand,0.1,1.0,1.0,False,realized
NVDA,covered call,403,0.4622689024376838,0.3524454025478395,1.2524632785137841,-0.5776312458021664,-0.13267880444155444,17.759820385013846,0.7124746630890002,0.4557777410365763,1.4045524597660106,-0.6593603447500802,-0.16070102294926447,62.455886688590034,0.16377171215880892,0.0022482063627035634,0.0015377253857194232,0.0659456954277804,0.4728127713429996,4.3116329156820346,9.716587063526283,0.36782167160491364,2.25357474848697,-0.26525148106798624,-0.28957838084136167,1.3650851799158352,1.540699144095934,-0.5365378003390501,-0.618012717262129,0,,0.1,1.0,1.0,False,realized
NVDA,cash-secured put,403,-0.013917928906861166,0.04488767082745909,-0.2879374917484089,-0.17362089022097527,-0.05023428359283244,-0.10249335330046216,0.7124746630890002,0.4557777410365763,1.4045524597660106,-0.6593603447500802,-0.16070102294926447,62.455886688590034,0.10173697270471464,0.00252150734777551,0.0014015305021777898,-0.05881888882737059,0.4728127713429996,0.5557183013796156,0.6075425669029553,0.05066908777712226,1.0932563591925653,0.013214007561285435,-0.28957838084136167,0.07041709333046842,1.540699144095934,-0.10597470989416768,-0.618012717262129,403,DeltaOutOfBand,0.1,1.0,1.0,False,realized
AMZN,covered call,403,0.06552100782568537,0.2325950015333016,0.3884282326657894,-0.507987207172359,-0.11517431562242186,0.6317297128451778,0.1562080666972765,0.3176041518493253,0.6132732848657371,-0.5483069461227306,-0.13902669542739532,2.064356671598704,0.141439205955335,0.0015391918296054213,0.0010012662236665595,0.043974200886010464,0.3208336767003238,0.5818745887640763,1.2500161440656092,0.05083142085821481,2.14825697530578,-0.1290043989131212,-0.13526821795938038,0.6455954349649484,0.7642314544694875,-0.33921252368618604,-0.35879361685672617,0,,0.1,1.0,1.0,False,realized
AMZN,cash-secured put,403,-0.05102098755077966,0.05443642618672195,-0.9292647425925882,-0.3581415441080591,-0.0687090070168358,-0.3323809273595112,0.1562080666972765,0.3176041518493253,0.6132732848657371,-0.5483069461227306,-0.13902669542739532,2.064356671598704,0.1315136476426799,0.0016633132368873826,0.0010038463563957995,-0.04068024893882018,0.3208336767003238,0.349353759073066,0.6507898918749212,0.030944794557656023,1.862839242381849,-0.006076788414713152,-0.13526821795938038,0.0364317298512391,0.7642314544694875,-0.18358928359510918,-0.35879361685672617,403,DeltaOutOfBand,0.1,1.0,1.0,False,realized
SPY,covered call,403,0.1235540913059967,0.15781106796803138,0.815365884598209,-0.3063793202984165,-0.13867225121507243,1.4566649556992628,0.17180129370546382,0.18062478506713742,0.96594582429741,-0.31828983427855273,-0.14545732451246196,2.3980248228094516,0.18362282878411912,0.0007830375620459611,0.000572639869948177,0.02192642067099838,0.16264659526098266,0.356864809311756,0.6852072952383402,0.029850754837828473,1.9200752704079185,-0.3063793202984165,-0.31828983427855273,0.5922597421121112,0.6548762499528771,-0.23911637526376006,-0.23831327691426496,98,PremiumTooSmall,0.1,1.0,1.0,False,realized
SPY,cash-secured put,403,-0.03174450107175453,0.03230549730248462,-0.9773529508414351,-0.22895802037440371,-0.045080882761612595,-0.22033337662475638,0.17180129370546382,0.18062478506713742,0.96594582429741,-0.31828983427855273,-0.14545732451246196,2.3980248228094516,0.12655086848635236,0.0008223616427520645,0.0005784490575264222,-0.02088175564949177,0.16264659526098266,0.2114005239120624,0.4125887303335718,0.019145170203247252,1.9516920899647292,-0.03913953592716635,-0.31828983427855273,-0.002326219094723081,0.6548762499528771,-0.050953374002519536,-0.23831327691426496,403,DeltaOutOfBand,0.1,1.0,1.0,False,realized
TSLA,covered call,403,0.20457098048359224,0.44118092232774664,0.6385534265175563,-0.6457403201939931,-0.24395616798319808,3.2038115421178635,0.43998335172296943,0.6230785934090316,0.8868222446588867,-0.7224590781183957,-0.2586126635927234,15.663630203743672,0.13895781637717122,0.002652879425464996,0.0015679854399939584,0.08358700617772412,0.5904787443530277,2.380966504105279,6.409075667953795,0.20907257499015824,2.6917958135501787,-0.4291678891923899,-0.4656075390275376,4.987859911321302,7.2528707095113205,-0.378266051602989,-0.41807187926454237,0,,0.1,1.0,0.95,False,realized
TSLA,cash-secured put,403,-0.05047540338889278,0.05867843176263122,-0.8482707489239317,-0.34930378463925527,-0.05549770718194702,-0.32941388942116756,0.43998335172296943,0.6230785934090316,0.8868222446588867,-0.7224590781183957,-0.2586126635927234,15.663630203743672,0.13647642679900746,0.0030607002361284982,0.0014877252699673886,-0.07251533600596737,0.5904787443530277,0.5226983846857924,0.8062316251706292,0.04588064893633069,1.542441394103936,-0.02943117800548556,-0.4656075390275376,0.004696667377509511,7.2528707095113205,-0.061957166684386555,-0.41807187926454237,403,DeltaOutOfBand,0.1,1.0,0.95,False,realized
NVDA,covered call,403,0.46026824587995097,0.3548851212050231,1.2424237982006827,-0.5827948370077788,-0.13328705505428684,17.562700577571327,0.7124746630890002,0.4557777410365763,1.4045524597660106,-0.6593603447500802,-0.16070102294926447,62.455886688590034,0.16377171215880892,0.002135796044568385,0.0014710767937750158,0.0659456954277804,0.4728127713429996,4.0960512698979334,9.716587063526283,0.34935983326332765,2.372183945775758,-0.2664083735601981,-0.28957838084136167,1.3640639581291718,1.540699144095934,-0.5417496914719362,-0.618012717262129,0,,0.1,1.0,0.95,False,realized
NVDA,cash-secured put,403,-0.017558821689826476,0.04549114308830932,-0.36442494144143034,-0.18993085423484268,-0.050778398658244295,-0.1277458139805865,0.7124746630890002,0.4557777410365763,1.4045524597660106,-0.6593603447500802,-0.16070102294926447,62.455886688590034,0.10173697270471464,0.0023954319803867344,0.001349547970585487,-0.05881888882737059,0.4728127713429996,0.5279323863106349,0.6075425669029553,0.04813563338826614,1.1507961675711211,0.012604921768671007,-0.28957838084136167,0.06681199180980535,1.540699144095934,-0.11072174765135423,-0.618012717262129,403,DeltaOutOfBand,0.1,1.0,0.95,False,realized
AMZN,covered call,403,0.06325828251475296,0.23458815948367484,0.378109550650944,-0.5135560274218394,-0.11617908351312911,0.6051852658023069,0.1562080666972765,0.3176041518493253,0.6132732848657371,-0.5483069461227306,-0.13902669542739532,2.064356671598704,0.141439205955335,0.0014622322381251504,0.0009595893370410869,0.043974200886010464,0.3208336767003238,0.5527808593258724,1.2500161440656092,0.04828213846288128,2.2613231319008213,-0.12957815773329007,-0.13526821795938038,0.6435901829684472,0.7642314544694875,-0.34352831432625786,-0.35879361685672617,0,,0.1,1.0,0.95,False,realized
AMZN,cash-secured put,403,-0.05398393844169436,0.05508566616544481,-0.9740949064146981,-0.3692548650778279,-0.06943015075559777,-0.3482955999817797,0.1562080666972765,0.3176041518493253,0.6132732848657371,-0.5483069461227306,-0.13902669542739532,2.064356671598704,0.1315136476426799,0.0015801475750430135,0.0009642520000751588,-0.04068024893882018,0.3208336767003238,0.33188607111941265,0.6507898918749212,0.02939177922627113,1.9608834130335253,-0.006461935880169856,-0.13526821795938038,0.033719063333884414,0.7642314544694875,-0.18771801890312156,-0.35879361685672617,403,DeltaOutOfBand,0.1,1.0,0.95,False,realized
SPY,covered call,403,0.12258236184277838,0.1583632565060002,0.8076330682730203,-0.30696199747104946,-0.13900122785983637,1.440319871145265,0.17180129370546382,0.18062478506713742,0.96594582429741,-0.31828983427855273,-0.14545732451246196,2.3980248228094516,0.18362282878411912,0.000743885683943663,0.0005462994316789769,0.02192642067099838,0.16264659526098266,0.3390215688461682,0.6852072952383402,0.028352598926238228,2.021131863587283,-0.30696199747104946,-0.31828983427855273,0.590939539738984,0.6548762499528771,-0.24122526745253758,-0.23831327691426496,121,PremiumTooSmall,0.1,1.0,0.95,False,realized
SPY,cash-secured put,403,-0.03330000251397269,0.03247960927345323,-1.0211828478249954,-0.23809059739296634,-0.04556875728966514,-0.22994503682336975,0.17180129370546382,0.18062478506713742,0.96594582429741,-0.31828983427855273,-0.14545732451246196,2.3980248228094516,0.12655086848635236,0.0007812435606144614,0.0005527092198905706,-0.02088175564949177,0.16264659526098266,0.20083049771645928,0.4125887303335718,0.018186804206257727,2.0544127262786622,-0.039520505821724394,-0.31828983427855273,-0.00438305335798761,0.6548762499528771,-0.05273553368376338,-0.23831327691426496,403,DeltaOutOfBand,0.1,1.0,0.95,False,realized
TSLA,covered call,403,0.26911877360467473,0.4420221030578431,0.7556110896662901,-0.6096262439466262,-0.24154378040587032,5.288503056183464,0.43998335172296943,0.6230785934090316,0.8868222446588867,-0.7224590781183957,-0.2586126635927234,15.663630203743672,0.10669975186104218,0.0031978197224690396,0.0018640584640944322,0.09721573165810948,0.679050556005982,3.5574749631221647,6.299355787546414,0.3251171673423129,1.7707379118187465,-0.4229854734000681,-0.4656075390275376,5.288026668184806,7.2528707095113205,-0.34306113485479717,-0.41807187926454237,0,,0.1,1.15,1.0,False,realized
TSLA,cash-secured put,403,-0.00535950014130826,0.04870339564948908,-0.0850194332171499,-0.13650321173048396,-0.0509180890858546,-0.04061340374369893,0.43998335172296943,0.6230785934090316,0.8868222446588867,-0.7224590781183957,-0.2586126635927234,15.663630203743672,0.10421836228287841,0.0037691577026148777,0.0017900763784759455,-0.08254800781343832,0.679050556005982,0.740858454223478,0.7136552410379979,0.0678166169291784,0.9632814972544347,-0.009668060778828536,-0.4656075390275376,0.0619120953492569,7.2528707095113205,-0.013560742444051366,-0.41807187926454237,403,DeltaOutOfBand,0.1,1.15,1.0,False,realized
NVDA,covered call,403,0.5412857011121159,0.35700694320351645,1.388417788964188,-0.5618990519235687,-0.13131624663038077,27.155808843732608,0.7124746630890002,0.4557777410365763,1.4045524597660106,-0.6593603447500802,-0.16070102294926447,62.455886688590034,0.1315136476426799,0.0025762927676144607,0.0017484884947116873,0.07652873629553675,0.5437346870444495,6.4703278754319555,8.985736497481788,0.5660712009879927,1.3887606115914033,-0.2625585235670269,-0.28957838084136167,1.4010053813775887,1.540699144095934,-0.5203750650860661,-0.618012717262129,0,,0.1,1.15,1.0,False,realized
NVDA,cash-secured put,403,0.017339156420270507,0.03760437488940707,0.4742685993484384,-0.0677637683469231,-0.045433458096323154,0.14182700161262596,0.7124746630890002,0.4557777410365763,1.4045524597660106,-0.6593603447500802,-0.16070102294926447,62.455886688590034,0.0794044665012407,0.0029407669388083328,0.0016028540650782424,-0.06708035696481386,0.5437346870444495,0.7087599461571761,0.5005500422291752,0.06638290231537572,0.7062335349833273,0.01532611408418183,-0.28957838084136167,0.09031021266226213,1.540699144095934,-0.04879335514323124,-0.618012717262129,403,DeltaOutOfBand,0.1,1.15,1.0,False,realized
AMZN,covered call,403,0.09926104304734085,0.23460160185154894,0.5193273469471329,-0.4745881032982887,-0.11321500476931556,1.0754094491157784,0.1562080666972765,0.3176041518493253,0.6132732848657371,-0.5483069461227306,-0.13902669542739532,2.064356671598704,0.11166253101736973,0.0017655353475193548,0.0011368135537560837,0.050883280785891764,0.36895872820537234,0.7463689746334299,1.093794635730084,0.06756999687634223,1.4654878122007793,-0.12217085403769734,-0.13526821795938038,0.6901064150795411,0.7642314544694875,-0.3125151883730317,-0.35879361685672617,0,,0.1,1.15,1.0,False,realized
AMZN,cash-secured put,403,-0.024624981477632035,0.048357599564305874,-0.4883717954668459,-0.2560429837036422,-0.06318843665863516,-0.17499561313664203,0.1562080666972765,0.3176041518493253,0.6132732848657371,-0.5483069461227306,-0.13902669542739532,2.064356671598704,0.10173697270471464,0.0019316731658997157,0.0011464288103500276,-0.04651027969373846,0.36895872820537234,0.44027082942610174,0.5751141640457824,0.04015227851696139,1.3062736061697537,0.0003070493617474135,-0.13526821795938038,0.05777938846244601,0.7642314544694875,-0.14252110822987663,-0.35879361685672617,403,DeltaOutOfBand,0.1,1.15,1.0,False,realized
SPY,covered call,403,0.14765886569884534,0.15993734684270716,0.9389239269185023,-0.3047961133623164,-0.13778294872927543,1.893820820426579,0.17180129370546382,0.18062478506713742,0.96594582429741,-0.31828983427855273,-0.14545732451246196,2.3980248228094516,0.13399503722084366,0.0008990587061078418,0.0006525589415436967,0.025313881643334743,0.18704358455013004,0.44615609560417424,0.5016811476921701,0.039597571240998906,1.1244520754844896,-0.3047961133623164,-0.31828983427855273,0.6286085487014172,0.6548762499528771,-0.22160992250254674,-0.23831327691426496,56,PremiumTooSmall,0.1,1.15,1.0,False,realized
SPY,cash-secured put,403,-0.016805108815413305,0.028877710312642635,-0.5694817066854271,-0.13420914974665932,-0.04209433892288794,-0.12256960138985318,0.17180129370546382,0.18062478506713742,0.96594582429741,-0.31828983427855273,-0.14545732451246196,2.3980248228094516,0.1141439205955335,0.0009516073279063928,0.0006606070335238133,-0.02392764107729994,0.18704358455013004,0.2537237957880802,0.35304157143685166,0.02325182574108127,1.3914405242925085,-0.035254072631819566,-0.31828983427855273,0.011120046799877104,0.6548762499528771,-0.027424416915085015,-0.23831327691426496,403,DeltaOutOfBand,0.1,1.15,1.0,False,realized
TSLA,covered call,403,0.2648432611421727,0.4457971579452087,0.7453951470944892,-0.6170623095123254,-0.24235549874852635,5.126890459921487,0.43998335172296943,0.6230785934090316,0.8868222446588867,-0.7224590781183957,-0.2586126635927234,15.663630203743672,0.10669975186104218,0.0030379287363455874,0.001791632646863433,0.09721573165810948,0.679050556005982,3.379601214966056,6.299355787546414,0.3088560154481782,1.8639346440197333,-0.4250078089637551,-0.4656075390275376,5.30154208110442,7.2528707095113205,-0.34902502405848745,-0.41807187926454237,0,,0.1,1.15,0.95,False,realized
TSLA,cash-secured put,403,-0.009951634012242416,0.04946856381790874,-0.176032258509131,-0.1502655641858116,-0.051138287499504664,-0.07426204761106481,0.43998335172296943,0.6230785934090316,0.8868222446588867,-0.7224590781183957,-0.2586126635927234,15.663630203743672,0.10421836228287841,0.003580699817484134,0.0017295481162149969,-0.08254800781343832,0.679050556005982,0.703815531512304,0.7136552410379979,0.06442233808537154,1.0139805234257209,-0.01100270245792112,-0.4656075390275376,0.05548455879026948,7.2528707095113205,-0.01757331552835162,-0.41807187926454237,403,DeltaOutOfBand,0.1,1.15,0.95,False,realized
NVDA,covered call,403,0.5391819311406028,0.35960491879058226,1.37716161787056,-0.5675622151854585,-0.13237337793488146,26.86065793345084,0.7124746630890002,0.4557777410365763,1.4045524597660106,-0.6593603447500802,-0.16070102294926447,62.455886688590034,0.1315136476426799,0.0024474781292337373,0.0016732310728566932,0.07652873629553675,0.5437346870444495,6.146811481660357,8.985736497481788,0.5377057174981648,1.461853275359372,-0.26383708924484695,-0.28957838084136167,1.3997552040771564,1.540699144095934,-0.526059601832455,-0.618012717262129,0,,0.1,1.15,0.95,False,realized
NVDA,cash-secured put,403,0.013584820605143655,0.038113288869701875,0.371858060505894,-0.07381772303063183,-0.04598602586934597,0.10971689984125632,0.7124746630890002,0.4557777410365763,1.4045524597660106,-0.6593603447500802,-0.16070102294926447,62.455886688590034,0.0794044665012407,0.0027937285918679163,0.0015444516520602613,-0.06708035696481386,0.5437346870444495,0.6733219488493172,0.5005500422291752,0.06305500677888491,0.7434037210350815,0.014627947512577899,-0.28957838084136167,0.0862535348313509,1.540699144095934,-0.05353164521877685,-0.618012717262129,403,DeltaOutOfBand,0.1,1.15,0.95,False,realized
AMZN,covered call,403,0.09691451126222939,0.23671639235917796,0.5078145372235172,-0.4807225659027403,-0.11428638851522666,1.0414728024990807,0.1562080666972765,0.3176041518493253,0.6132732848657371,-0.5483069461227306,-0.13902669542739532,2.064356671598704,0.11166253101736973,0.0016772585801433867,0.0010899305807216366,0.050883280785891764,0.36895872820537234,0.7090505259017583,1.093794635730084,0.06418819476136828,1.542618749685031,-0.122796517077284,-0.13526821795938038,0.6878664388921278,0.7642314544694875,-0.3171521877607032,-0.35879361685672617,0,,0.1,1.15,0.95,False,realized
AMZN,cash-secured put,403,-0.0277233927655105,0.04896615448695405,-0.5463258830682128,-0.26867191493862874,-0.06391738068101949,-0.19500093920994999,0.1562080666972765,0.3176041518493253,0.6132732848657371,-0.5483069461227306,-0.13902669542739532,2.064356671598704,0.10173697270471464,0.0018350895076047293,0.001101857929473576,-0.04651027969373846,0.36895872820537234,0.41825728795479666,0.5751141640457824,0.03814406311896413,1.3750248485997407,-0.00012100099087608562,-0.13526821795938038,0.05471861236354658,0.7642314544694875,-0.1468877646185054,-0.35879361685672617,403,DeltaOutOfBand,0.1,1.15,0.95,False,realized
SPY,covered call,403,0.14661102732220566,0.16054582509140203,0.9303037786775571,-0.30545441390732797,-0.13815357162934894,1.8734985235875645,0.17180129370546382,0.18062478506713742,0.96594582429741,-0.31828983427855273,-0.14545732451246196,2.3980248228094516,0.13399503722084366,0.0008541057708024497,0.0006227498117906095,0.025313881643334743,0.18704358455013004,0.42384829082396547,0.5016811476921701,0.037612063299805,1.183633763667884,-0.30545441390732797,-0.31828983427855273,0.6271393014057312,0.6548762499528771,-0.22392019601741675,-0.23831327691426496,69,PremiumTooSmall,0.1,1.15,0.95,False,realized
SPY,cash-secured put,403,-0.01848760047415554,0.02903842099323699,-0.6248609653567115,-0.1447018852962635,-0.042210109240158666,-0.1340877418637867,0.17180129370546382,0.18062478506713742,0.96594582429741,-0.31828983427855273,-0.14545732451246196,2.3980248228094516,0.1141439205955335,0.0009040269615110732,0.0006315505377753604,-0.02392764107729994,0.18704358455013004,0.24103760599867616,0.35304157143685166,0.022083776425610817,1.4646742360973775,-0.03569080672410363,-0.31828983427855273,0.008759495036289477,0.6548762499528771,-0.029341176480200515,-0.23831327691426496,403,DeltaOutOfBand,0.1,1.15,0.95,False,realized
TSLA,covered call,403,0.1718797515181163,0.3345638649274406,0.6381986019978236,-0.5042484891980648,-0.22235709412722726,2.3997805505433316,0.43998335172296943,0.6230785934090316,0.8868222446588867,-0.7224590781183957,-0.2586126635927234,15.663630203743672,0.20843672456575682,0.0065581130112426335,0.0026741106532923663,0.05478581092950756,0.5904787443530277,3.1107109451615598,5.746286074531161,0.2496656219664542,1.8472581271072483,-0.37707045277561513,-0.4656075390275376,3.5454831257852923,7.2528707095113205,-0.28127983179051075,-0.41807187926454237,0,,0.2,1.0,1.0,False,realized
TSLA,cash-secured put,403,-0.02592667755399103,0.057947541635690394,-0.42155829858015553,-0.19965462235486442,-0.06295009887125491,-0.1834522858419041,0.43998335172296943,0.6230785934090316,0.8868222446588867,-0.7224590781183957,-0.2586126635927234,15.663630203743672,0.228287841191067,0.007398682905677765,0.0022121430154711887,-0.047643753712128346,0.5904787443530277,0.8365303366387723,0.9515100924894063,0.06847252999126997,1.1374483994359719,-0.046498830471064845,-0.4656075390275376,0.058471388576067485,7.2528707095113205,-0.0582381560288735,-0.41807187926454237,0,,0.2,1.0,1.0,False,realized
NVDA,covered call,403,0.30579432171898313,0.2607471021425357,1.1514069129496471,-0.4632617597808515,-0.1157105175706078,6.834376339162846,0.7124746630890002,0.4557777410365763,1.4045524597660106,-0.6593603447500802,-0.16070102294926447,62.455886688590034,0.2655086848635236,0.005283394967927561,0.00281550980413593,0.043239994190565574,0.4728127713429996,4.2758789713523,7.501202358904154,0.33290740947069136,1.7543065201707064,-0.2326231950820864,-0.28957838084136167,1.1579883510917663,1.540699144095934,-0.4219911230825222,-0.618012717262129,0,,0.2,1.0,1.0,False,realized
NVDA,cash-secured put,403,0.004905109562647336,0.044797117855767905,0.13144961729533886,-0.13348150312179108,-0.04362073569322178,0.038473348196556234,0.7124746630890002,0.4557777410365763,1.4045524597660106,-0.6593603447500802,-0.16070102294926447,62.455886688590034,0.18610421836228289,0.005821126203124198,0.0022062122984083292,-0.03864878911598717,0.4728127713429996,0.960319326019025,0.8391366668698452,0.08270931095262371,0.8738100381135316,0.027057759541273096,-0.28957838084136167,0.11722670726600559,1.540699144095934,-0.10785288666141446,-0.618012717262129,0,,0.2,1.0,1.0,False,realized
AMZN,covered call,403,0.04343246622394292,0.17123275111484387,0.33304568496484854,-0.41945554837156873,-0.0885842628416531,0.3882167875103746,0.1562080666972765,0.3176041518493253,0.6132732848657371,-0.5483069461227306,-0.13902669542739532,2.064356671598704,0.24069478908188585,0.0036205406987048624,0.001779710705213891,0.028847956098856254,0.3208336767003238,0.9738017731634596,1.523886323928242,0.07778403325938263,1.5648834967488263,-0.13030834781737766,-0.13526821795938038,0.5844563391998758,0.7642314544694875,-0.2691042681097552,-0.35879361685672617,0,,0.2,1.0,1.0,False,realized
AMZN,cash-secured put,403,-0.03806166464603322,0.049620172062315886,-0.7529626398991599,-0.2844255315769,-0.05753113958433431,-0.2587299404079424,0.1562080666972765,0.3176041518493253,0.6132732848657371,-0.5483069461227306,-0.13902669542739532,2.064356671598704,0.21339950372208435,0.0038661872608668603,0.001699145025161959,-0.026732248397399107,0.3208336767003238,0.6249812925081213,0.8322769050504052,0.05143432786565921,1.3316829079961465,-0.011984359395581401,-0.13526821795938038,0.035312286104014934,0.7642314544694875,-0.15799642043112394,-0.35879361685672617,0,,0.2,1.0,1.0,False,realized
SPY,covered call,403,0.08609604941203974,0.1346468448143078,0.6792729483687822,-0.2903066218831649,-0.12972449431288524,0.89118004683073,0.17180129370546382,0.18062478506713742,0.96594582429741,-0.31828983427855273,-0.14545732451246196,2.3980248228094516,0.28287841191067,0.0018436279697457226,0.0011808906564496516,0.01438975187908721,0.16264659526098266,0.6462762870697337,1.0749115196839982,0.04898701321925755,1.6632383721793809,-0.2903066218831649,-0.31828983427855273,0.5254222262791652,0.6548762499528771,-0.2205069337808735,-0.23831327691426496,0,,0.2,1.0,1.0,False,realized
SPY,cash-secured put,403,-0.024101879291429817,0.03512592146750661,-0.67346860567482,-0.18795644998087624,-0.04838818967056113,-0.17157578666484286,0.17180129370546382,0.18062478506713742,0.96594582429741,-0.31828983427855273,-0.14545732451246196,2.3980248228094516,0.1935483870967742,0.0019213898369427002,0.0011516507919391602,-0.013719332309014984,0.16264659526098266,0.43685501498278,0.5710316446956536,0.03739915695196897,1.3071422442481577,-0.04432068008672396,-0.31828983427855273,0.024912706039967425,0.6548762499528771,-0.052602760733046594,-0.23831327691426496,0,,0.2,1.0,1.0,False,realized
TSLA,covered call,403,0.16537705096522082,0.3383720949067992,0.6183851845185364,-0.5169852552525833,-0.22397828363702443,2.256913812316853,0.43998335172296943,0.6230785934090316,0.8868222446588867,-0.7224590781183957,-0.2586126635927234,15.663630203743672,0.20843672456575682,0.006230207360680502,0.0025843896461787003,0.05478581092950756,0.5904787443530277,2.9551753979034814,5.746286074531161,0.2369968129348513,1.9444822390602616,-0.3810048028382299,-0.4656075390275376,3.558996432299998,7.2528707095113205,-0.29120879074824746,-0.41807187926454237,0,,0.2,1.0,0.95,False,realized
TSLA,cash-secured put,403,-0.03198171295753971,0.05894492164788368,-0.5186503723361955,-0.2350772199014619,-0.06418585420915557,-0.2218058551096651,0.43998335172296943,0.6230785934090316,0.8868222446588867,-0.7224590781183957,-0.2586126635927234,15.663630203743672,0.228287841191067,0.007028748760393877,0.0021474467323976997,-0.047643753712128346,0.5904787443530277,0.7947038198068337,0.9515100924894063,0.06499958242709308,1.1973141046694442,-0.04913469700741091,-0.4656075390275376,0.048730591504225096,7.2528707095113205,-0.06420959300496265,-0.41807187926454237,0,,0.2,1.0,0.95,False,realized
NVDA,covered call,403,0.30149182314898226,0.2643300579073105,1.1269005752827708,-0.47369184745983695,-0.11697625077211904,6.63740633770095,0.7124746630890002,0.4557777410365763,1.4045524597660106,-0.6593603447500802,-0.16070102294926447,62.455886688590034,0.2655086848635236,0.005019225219531183,0.0027155948886614517,0.043239994190565574,0.4728127713429996,4.062085022784685,7.501202358904154,0.3160834623649701,1.8466384422849542,-0.23512783057710618,-0.28957838084136167,1.156044676978063,1.540699144095934,-0.4320810216830485,-0.618012717262129,0,,0.2,1.0,0.95,False,realized
NVDA,cash-secured put,403,-0.0006958646407508873,0.04558792186118174,0.007918219953187925,-0.15579733708133725,-0.044560509169865425,-0.005356251769358833,0.7124746630890002,0.4557777410365763,1.4045524597660106,-0.6593603447500802,-0.16070102294926447,62.455886688590034,0.18610421836228289,0.005530069892967987,0.002138937436101967,-0.03864878911598717,0.4728127713429996,0.9123033597180739,0.8391366668698452,0.07852294461758698,0.9198000401195069,0.02593275863189093,-0.28957838084136167,0.11038821022807332,1.540699144095934,-0.11569019730970898,-0.618012717262129,0,,0.2,1.0,0.95,False,realized
AMZN,covered call,403,0.039008472136649486,0.17367722101322225,0.30644879935264974,-0.4301058962868761,-0.0901431171789282,0.3434473462398129,0.1562080666972765,0.3176041518493253,0.6132732848657371,-0.5483069461227306,-0.13902669542739532,2.064356671598704,0.24069478908188585,0.003439513663769619,0.00171859017436458,0.028847956098856254,0.3208336767003238,0.9251116845052866,1.523886323928242,0.0738633858717706,1.6472457860513963,-0.13162207934924952,-0.13526821795938038,0.5802662483533618,0.7642314544694875,-0.2770532461118419,-0.35879361685672617,0,,0.2,1.0,0.95,False,realized
AMZN,cash-secured put,403,-0.042962010606328205,0.050572219581839765,-0.8382693891708017,-0.31005794231437556,-0.05878676422263651,-0.2873708590392614,0.1562080666972765,0.3176041518493253,0.6132732848657371,-0.5483069461227306,-0.13902669542739532,2.064356671598704,0.21339950372208435,0.0036728778978235167,0.001643555585650245,-0.026732248397399107,0.3208336767003238,0.5937322278827152,0.8322769050504052,0.048826181871571415,1.4017714821012068,-0.012856778329131124,-0.13526821795938038,0.02964099138755616,0.7642314544694875,-0.1653468897697974,-0.35879361685672617,0,,0.2,1.0,0.95,False,realized
SPY,covered call,403,0.08386178850020043,0.135628455357793,0.6602195554991147,-0.2916347724559065,-0.13045573209971983,0.861370802941595,0.17180129370546382,0.18062478506713742,0.96594582429741,-0.31828983427855273,-0.14545732451246196,2.3980248228094516,0.28287841191067,0.0017514465712584362,0.0011324398910332008,0.01438975187908721,0.16264659526098266,0.6139624727162469,1.0749115196839982,0.0464824427549052,1.750777233873033,-0.2916347724559065,-0.31828983427855273,0.5224578572662226,0.6548762499528771,-0.22500953829639803,-0.23831327691426496,0,,0.2,1.0,0.95,False,realized
SPY,cash-secured put,403,-0.027180295348317784,0.03544827978129347,-0.7556984697003598,-0.2068553722824127,-0.04861510408955738,-0.19152518811802643,0.17180129370546382,0.18062478506713742,0.96594582429741,-0.31828983427855273,-0.14545732451246196,2.3980248228094516,0.1935483870967742,0.0018253203450955653,0.0011065344966423197,-0.013719332309014984,0.16264659526098266,0.41501226423364096,0.5710316446956536,0.03550580765601327,1.3759392044717451,-0.04519508648415238,-0.31828983427855273,0.02048648788725016,0.6548762499528771,-0.05624073192491297,-0.23831327691426496,0,,0.2,1.0,0.95,False,realized
TSLA,covered call,403,0.23108740154058305,0.33680018093007913,0.7817441139781396,-0.46346953180281625,-0.21862477175836936,3.972817893214999,0.43998335172296943,0.6230785934090316,0.8868222446588867,-0.7224590781183957,-0.2586126635927234,15.663630203743672,0.18362282878411912,0.00750579979095639,0.0030583839421149416,0.06369222555020264,0.679050556005982,4.463298802245538,6.112301176136702,0.371690419419059,1.3694582072483095,-0.3676246638843532,-0.4656075390275376,3.967184384648877,7.2528707095113205,-0.2455996711525591,-0.41807187926454237,0,,0.2,1.15,1.0,False,realized
TSLA,cash-secured put,403,0.009846027728301898,0.051572760767453665,0.2154010936640015,-0.09900998308703102,-0.05443314771023722,0.07852369837210627,0.43998335172296943,0.6230785934090316,0.8868222446588867,-0.7224590781183957,-0.2586126635927234,15.663630203743672,0.19851116625310175,0.008621156320093151,0.002531230356914749,-0.05422885952682008,0.679050556005982,1.09472500828874,0.9243100017118401,0.09189130820479237,0.8443307631719398,-0.02488980707545485,-0.4656075390275376,0.10910306188404761,7.2528707095113205,-0.020505726271909053,-0.41807187926454237,0,,0.2,1.15,1.0,False,realized
NVDA,covered call,403,0.3857227665574967,0.26521028321300183,1.3603309060930282,-0.4295196108733834,-0.1129104008441768,11.389973902310459,0.7124746630890002,0.4557777410365763,1.4045524597660106,-0.6593603447500802,-0.16070102294926447,62.455886688590034,0.23573200992555832,0.006051717970496758,0.0032048068401424935,0.050165462926602275,0.5437346870444495,6.6209842336196685,8.53400290728403,0.532792536592639,1.2889326731742603,-0.2268313849354875,-0.28957838084136167,1.2549217270120963,1.540699144095934,-0.39121343364703753,-0.618012717262129,0,,0.2,1.15,1.0,False,realized
NVDA,cash-secured put,403,0.03703735143553155,0.04023560636249982,0.920481352166543,-0.07075709586332357,-0.039823594984293,0.32390843510561385,0.7124746630890002,0.4557777410365763,1.4045524597660106,-0.6593603447500802,-0.16070102294926447,62.455886688590034,0.15632754342431762,0.0067666202521246095,0.002497135389398325,-0.04407573101166998,0.5437346870444495,1.2168069883283712,0.7859886854505125,0.10690986777224573,0.6459435990997145,0.030832187015142454,-0.28957838084136167,0.15266826954409174,1.540699144095934,-0.06145314845004046,-0.618012717262129,0,,0.2,1.15,1.0,False,realized
AMZN,covered call,403,0.0798011651225774,0.17170378007107273,0.5313070540295254,-0.3750100197892866,-0.08710956541823445,0.808240283092422,0.1562080666972765,0.3176041518493253,0.6132732848657371,-0.5483069461227306,-0.13902669542739532,2.064356671598704,0.22084367245657568,0.004152270928716297,0.002014644708916332,0.03337343014740625,0.36895872820537234,1.254701199787812,1.4605158203410689,0.10372460191579111,1.1640347682683838,-0.12178011236868203,-0.13526821795938038,0.6330937842158477,0.7642314544694875,-0.23904488753827935,-0.35879361685672617,0,,0.2,1.15,1.0,False,realized
AMZN,cash-secured put,403,-0.009467473120237657,0.04505192079625074,-0.18725941407632932,-0.20023745399671034,-0.05319742979603037,-0.07076351998744812,0.1562080666972765,0.3176041518493253,0.6132732848657371,-0.5483069461227306,-0.13902669542739532,2.064356671598704,0.18858560794044665,0.004479632591756332,0.0019183185199967156,-0.03056375997267505,0.36895872820537234,0.782546932169385,0.787306005887958,0.06600444626887517,1.0060815185938814,-0.004049247926767419,-0.13526821795938038,0.07362561050046557,0.7642314544694875,-0.12071708716699414,-0.35879361685672617,0,,0.2,1.15,1.0,False,realized
SPY,covered call,403,0.1125006827229067,0.13507035007612586,0.8548082010109725,-0.2866902688492764,-0.127750594512413,1.2762444965855533,0.17180129370546382,0.18062478506713742,0.96594582429741,-0.31828983427855273,-0.14545732451246196,2.3980248228094516,0.23325062034739455,0.002116410309976122,0.0013338047197398507,0.016611500012440224,0.18704358455013004,0.8097869669190176,0.9724990597303975,0.06405777291745811,1.2009319728007575,-0.2866902688492764,-0.31828983427855273,0.56832310428015,0.6548762499528771,-0.19744570233609537,-0.23831327691426496,0,,0.2,1.15,1.0,False,realized
SPY,cash-secured put,403,-0.006290192402599537,0.032477696624368224,-0.1769485681841579,-0.09127688344882878,-0.04608668186383047,-0.047517712664609246,0.17180129370546382,0.18062478506713742,0.96594582429741,-0.31828983427855273,-0.14545732451246196,2.3980248228094516,0.16377171215880892,0.002220236961673742,0.0012971524476911424,-0.015720104822044147,0.18704358455013004,0.5245157140239634,0.5263763940087709,0.0456570326798015,1.003547424672052,-0.03726643191707546,-0.31828983427855273,0.046619570033165525,0.6548762499528771,-0.029141958046046246,-0.23831327691426496,0,,0.2,1.15,1.0,False,realized
TSLA,covered call,403,0.22441429433219762,0.34085803584449953,0.7605216629421923,-0.4770125522167902,-0.22039007651375442,3.7685979529073244,0.43998335172296943,0.6230785934090316,0.8868222446588867,-0.7224590781183957,-0.2586126635927234,15.663630203743672,0.18362282878411912,0.007130509801408571,0.0029575791704254265,0.06369222555020264,0.679050556005982,4.240133862133261,6.112301176136702,0.35274541961445394,1.4415349549982208,-0.3719228879644162,-0.4656075390275376,3.9849150126220794,7.2528707095113205,-0.2558620876158869,-0.41807187926454237,0,,0.2,1.15,0.95,False,realized
TSLA,cash-secured put,403,0.0036430142179117997,0.05245032621461927,0.09573943584126458,-0.1022192225039048,-0.05495488893068445,0.028453010779770693,0.43998335172296943,0.6230785934090316,0.8868222446588867,-0.7224590781183957,-0.2586126635927234,15.663630203743672,0.19851116625310175,0.008190098504088493,0.002459695084496539,-0.05422885952682008,0.679050556005982,1.039988757874303,0.9243100017118401,0.08722574538269319,0.8887692243915157,-0.027620460732657004,-0.4656075390275376,0.09867584332382018,7.2528707095113205,-0.025951382960848313,-0.41807187926454237,0,,0.2,1.15,0.95,False,realized
NVDA,covered call,403,0.3812676712779295,0.2689499689527769,1.333159006469225,-0.440594751951375,-0.11427310487483988,11.085943427908356,0.7124746630890002,0.4557777410365763,1.4045524597660106,-0.6593603447500802,-0.16070102294926447,62.455886688590034,0.23573200992555832,0.005749132071971921,0.003091960407125715,0.050165462926602275,0.5437346870444495,6.289935021938685,8.53400290728403,0.5057737993137571,1.3567712349202738,-0.22955973592940526,-0.28957838084136167,1.252940399279327,1.540699144095934,-0.4017961222184969,-0.618012717262129,0,,0.2,1.15,0.95,False,realized
NVDA,cash-secured put,403,0.031301916418987386,0.04089596250315914,0.7712029966525871,-0.08100474969655547,-0.040756259876771006,0.2684552946360812,0.7124746630890002,0.4557777410365763,1.4045524597660106,-0.6593603447500802,-0.16070102294926447,62.455886688590034,0.15632754342431762,0.006428289239518381,0.0024230909237806897,-0.04407573101166998,0.5437346870444495,1.1559666389119527,0.7859886854505125,0.10152265882535935,0.6799406306312784,0.029581491191938536,-0.28957838084136167,0.14529300283034807,1.540699144095934,-0.06906736731672392,-0.618012717262129,0,,0.2,1.15,0.95,False,realized
AMZN,covered call,403,0.07529033137693841,0.1742571923115614,0.5021387078097777,-0.3864413013830277,-0.08774031654688008,0.7507712160712656,0.1562080666972765,0.3176041518493253,0.6132732848657371,-0.5483069461227306,-0.13902669542739532,2.064356671598704,0.22084367245657568,0.003944657382280481,0.0019463962490514587,0.03337343014740625,0.36895872820537234,1.1919661397984211,1.4605158203410689,0.09845860894755737,1.2252997560719832,-0.12320839147641316,-0.13526821795938038,0.628494848182338,0.7642314544694875,-0.24735015990679143,-0.35879361685672617,0,,0.2,1.15,0.95,False,realized
AMZN,cash-secured put,403,-0.014498857966924072,0.045944690670138615,-0.2930229858914697,-0.21075027528957246,-0.0544430797877018,-0.10656471347349772,0.1562080666972765,0.3176041518493253,0.6132732848657371,-0.5483069461227306,-0.13902669542739532,2.064356671598704,0.18858560794044665,0.004255650962168516,0.0018569128147061446,-0.03056375997267505,0.36895872820537234,0.7434195855609157,0.787306005887958,0.06267829314645615,1.0590331774672437,-0.004985365082249782,-0.13526821795938038,0.0673684615758996,0.7642314544694875,-0.12825427890855923,-0.35879361685672617,0,,0.2,1.15,0.95,False,realized
SPY,covered call,403,0.11012301197325369,0.13612402987727365,0.8335866314641689,-0.28817952524156754,-0.12856559719002558,1.2389790695262914,0.17180129370546382,0.18062478506713742,0.96594582429741,-0.31828983427855273,-0.14545732451246196,2.3980248228094516,0.23325062034739455,0.002010589794477316,0.0012798670685155113,0.016611500012440224,0.18704358455013004,0.7692976185730667,0.9724990597303975,0.060833851630769015,1.2641389187376395,-0.28817952524156754,-0.31828983427855273,0.5650773507556155,0.6548762499528771,-0.2022881065265304,-0.23831327691426496,0,,0.2,1.15,0.95,False,realized
SPY,cash-secured put,403,-0.009562243214654376,0.032765479224243055,-0.2752933764732549,-0.10779525399077905,-0.04633772630057209,-0.07144922934393194,0.17180129370546382,0.18062478506713742,0.96594582429741,-0.31828983427855273,-0.14545732451246196,2.3980248228094516,0.16377171215880892,0.0021092251135900546,0.0012473714195863103,-0.015720104822044147,0.18704358455013004,0.4982899283227652,0.5263763940087709,0.04336276365792613,1.0563657101811073,-0.03825140429767382,-0.31828983427855273,0.041618818919167966,0.6548762499528771,-0.03296580282344963,-0.23831327691426496,0,,0.2,1.15,0.95,False,realized
TSLA,covered call,403,0.14409193182369795,0.26223404375067755,0.6425787436184021,-0.3880096011664279,-0.19745941345896934,1.8251494449163772,0.43998335172296943,0.6230785934090316,0.8868222446588867,-0.7224590781183957,-0.2586126635927234,15.663630203743672,0.28287841191067,0.011144800147745737,0.0032970425254436157,0.03455948417747658,0.5904787443530277,2.9187156182374814,4.495199162413124,0.21860472341120274,1.5401292042037418,-0.3193960240915089,-0.4656075390275376,2.323933637087039,7.2528707095113205,-0.17772532461400337,-0.41807187926454237,0,,0.3,1.0,1.0,False,realized
TSLA,cash-secured put,403,-0.012810808601342205,0.0569214432254923,-0.1964129126167448,-0.13308200481798516,-0.06475585468396883,-0.09468952336289949,0.43998335172296943,0.6230785934090316,0.8868222446588867,-0.7224590781183957,-0.2586126635927234,15.663630203743672,0.3399503722084367,0.012386257356282817,0.002488713644744794,-0.029238015038276843,0.5904787443530277,0.9671903148181814,0.9909575144180438,0.0709223237630362,1.0245734466482228,-0.048679210257326466,-0.4656075390275376,0.08027398925557172,7.2528707095113205,-0.039446892674920075,-0.41807187926454237,0,,0.3,1.0,1.0,False,realized
NVDA,covered call,403,0.19513451905712453,0.18733809871255283,1.0424122400570774,-0.3369596277892297,-0.09724417217855019,2.956315685758738,0.7124746630890002,0.4557777410365763,1.4045524597660106,-0.6593603447500802,-0.16070102294926447,62.455886688590034,0.3771712158808933,0.008984056288183204,0.003438405327123334,0.027212013058303702,0.4728127713429996,3.2850992484491384,4.9699132780162705,0.22932736181851035,1.5128654881165358,-0.19577250747189767,-0.28957838084136167,0.9538209682354752,1.540699144095934,-0.2993809069037283,-0.618012717262129,0,,0.3,1.0,1.0,False,realized
NVDA,cash-secured put,403,0.017999878143713843,0.04188434871341106,0.4452278297451188,-0.10118546126365602,-0.03931084324723422,0.1475609143817882,0.7124746630890002,0.4557777410365763,1.4045524597660106,-0.6593603447500802,-0.16070102294926447,62.455886688590034,0.28287841191067,0.009780051232434544,0.0025899534686000397,-0.023798508478618825,0.4728127713429996,1.1867161253981757,0.9468646556725961,0.09229055534379142,0.7978863987837842,0.03662991161693663,-0.28957838084136167,0.12079901019343775,1.540699144095934,-0.0874459086555478,-0.618012717262129,0,,0.3,1.0,1.0,False,realized
AMZN,covered call,403,0.03536317186459903,0.12935721685299062,0.33218656880360214,-0.3270707666541365,-0.08032730539923427,0.30750770754290757,0.1562080666972765,0.3176041518493253,0.6132732848657371,-0.5483069461227306,-0.13902669542739532,2.064356671598704,0.337468982630273,0.006161428865174151,0.0022377689436408445,0.018098090285009107,0.3208336767003238,1.1947835531977407,1.596079656249909,0.08644310224003574,1.3358734743026317,-0.12284772176208958,-0.13526821795938038,0.5256680412380694,0.7642314544694875,-0.19909462112098752,-0.35879361685672617,0,,0.3,1.0,1.0,False,realized
AMZN,cash-secured put,403,-0.0221665551475686,0.04380668390682172,-0.48713272089797477,-0.2068220480324282,-0.04334809807497286,-0.15881592801684197,0.1562080666972765,0.3176041518493253,0.6132732848657371,-0.5483069461227306,-0.13902669542739532,2.064356671598704,0.29280397022332505,0.006526985893098979,0.0021156168178411393,-0.016528560485963156,0.3208336767003238,0.8294971851397771,0.9256008254369978,0.06271228771962094,1.1158577051482417,-0.017051743741969716,-0.13526821795938038,0.05181577728421205,0.7642314544694875,-0.11865045501566351,-0.35879361685672617,0,,0.3,1.0,1.0,False,realized
SPY,covered call,403,0.05849370420082489,0.11411177863387079,0.554025773717841,-0.2711914791479746,-0.11937774680615598,0.5505171707364376,0.17180129370546382,0.18062478506713742,0.96594582429741,-0.31828983427855273,-0.14545732451246196,2.3980248228094516,0.3945409429280397,0.003139848074713229,0.001702289507610182,0.009005148383377942,0.16264659526098266,0.8484754507707424,1.2821790853190311,0.05636664182274083,1.5111563736514932,-0.2711914791479746,-0.31828983427855273,0.4581923432954109,0.6548762499528771,-0.18674323715949426,-0.23831327691426496,0,,0.3,1.0,1.0,False,realized
SPY,cash-secured put,403,-0.014604369687346241,0.035378320846512226,-0.3960214442432388,-0.14748249512045164,-0.049299711303478655,-0.10730245005803396,0.17180129370546382,0.18062478506713742,0.96594582429741,-0.31828983427855273,-0.14545732451246196,2.3980248228094516,0.27791563275434245,0.0032555976041167083,0.001632571545526488,-0.008508093230013303,0.16264659526098266,0.643887560767952,0.7011637088872307,0.05002630193875569,1.0889536490671858,-0.0473033458563098,-0.31828983427855273,0.04509878185795979,0.6548762499528771,-0.05400355006924207,-0.23831327691426496,0,,0.3,1.0,1.0,False,realized
TSLA,covered call,403,0.13686850971764009,0.26602409487391165,0.6134666611166653,-0.3936050131008234,-0.1999469518189224,1.6904142811615959,0.43998335172296943,0.6230785934090316,0.8868222446588867,-0.7224590781183957,-0.2586126635927234,15.663630203743672,0.28287841191067,0.01058756014035845,0.003195613582415957,0.03455948417747658,0.5904787443530277,2.7727798373256074,4.495199162413124,0.2074041062541086,1.6211886360039387,-0.32527788870044505,-0.4656075390275376,2.332307634289495,7.2528707095113205,-0.1887688239482772,-0.41807187926454237,0,,0.3,1.0,0.95,False,realized
TSLA,cash-secured put,403,-0.019267599563907667,0.057926548487095435,-0.30470038070411737,-0.15598816906580693,-0.06661615039683977,-0.13938272214073655,0.43998335172296943,0.6230785934090316,0.8868222446588867,-0.7224590781183957,-0.2586126635927234,15.663630203743672,0.3399503722084367,0.011766944488468675,0.0024204982806954912,-0.029238015038276843,0.5904787443530277,0.9188307990772722,0.9909575144180438,0.06725600679996435,1.0784983648928663,-0.05241656801495498,-0.4656075390275376,0.06855617039416351,7.2528707095113205,-0.044512365307432855,-0.41807187926454237,0,,0.3,1.0,0.95,False,realized
NVDA,covered call,403,0.18906766186072232,0.19055803391958137,1.0013506814459425,-0.3505912426700032,-0.09903909868019545,2.803982332798054,0.7124746630890002,0.4557777410365763,1.4045524597660106,-0.6593603447500802,-0.16070102294926447,62.455886688590034,0.3771712158808933,0.008534853473774043,0.003337558568927179,0.027212013058303702,0.4728127713429996,3.120844286026682,4.9699132780162705,0.21740575235673465,1.59248998749109,-0.1994872629484885,-0.28957838084136167,0.9509500249381373,1.540699144095934,-0.311946805255395,-0.618012717262129,0,,0.3,1.0,0.95,False,realized
NVDA,cash-secured put,403,0.01160338711722586,0.04252548488935674,0.29157256426210854,-0.11656663528370304,-0.039834367421998085,0.09308916743204754,0.7124746630890002,0.4557777410365763,1.4045524597660106,-0.6593603447500802,-0.16070102294926447,62.455886688590034,0.28287841191067,0.009291048670812815,0.002517647899769114,-0.023798508478618825,0.4728127713429996,1.1273803191282668,0.9468646556725961,0.08742649602362203,0.8398804197724046,0.03514133959926169,-0.28957838084136167,0.11143633010809961,1.540699144095934,-0.09592276759926499,-0.618012717262129,0,,0.3,1.0,0.95,False,realized
AMZN,covered call,403,0.029588208542876693,0.1314140099015058,0.28665906127721585,-0.34092502146881976,-0.08120257701666944,0.25228362993920284,0.1562080666972765,0.3176041518493253,0.6132732848657371,-0.5483069461227306,-0.13902669542739532,2.064356671598704,0.337468982630273,0.005853357421915443,0.0021696239718556054,0.018098090285009107,0.3208336767003238,1.1350443755378534,1.596079656249909,0.08192800218385367,1.4061826045290864,-0.12492445559737975,-0.13526821795938038,0.5193934709399461,0.7642314544694875,-0.20891515786727277,-0.35879361685672617,0,,0.3,1.0,0.95,False,realized
AMZN,cash-secured put,403,-0.028037538285544894,0.044744693782742456,-0.6098880620393707,-0.2323739228807351,-0.04474260447756151,-0.19700548534932105,0.1562080666972765,0.3176041518493253,0.6132732848657371,-0.5483069461227306,-0.13902669542739532,2.064356671598704,0.29280397022332505,0.006200636598444031,0.0020533078783600495,-0.016528560485963156,0.3208336767003238,0.7880223258827883,0.9256008254369978,0.05942698579511084,1.1745870580507807,-0.018441281154208067,-0.13526821795938038,0.04356075388063574,0.7642314544694875,-0.1273475032736905,-0.35879361685672617,0,,0.3,1.0,0.95,False,realized
SPY,covered call,403,0.054961464878946265,0.11528706837570087,0.5206865188655059,-0.27333768476885345,-0.12052518085127817,0.511041746882223,0.17180129370546382,0.18062478506713742,0.96594582429741,-0.31828983427855273,-0.14545732451246196,2.3980248228094516,0.3945409429280397,0.0029828556709775673,0.0016406675632078282,0.009005148383377942,0.16264659526098266,0.8060516782322051,1.2821790853190311,0.05341829313841733,1.5906909196331511,-0.27333768476885345,-0.31828983427855273,0.4533380638007365,0.6548762499528771,-0.1932815853768115,-0.23831327691426496,0,,0.3,1.0,0.95,False,realized
SPY,cash-secured put,403,-0.018904012414583837,0.03576051432016823,-0.5130938608654169,-0.16770660525312941,-0.04967872105016291,-0.13691804821181908,0.17180129370546382,0.18062478506713742,0.96594582429741,-0.31828983427855273,-0.14545732451246196,2.3980248228094516,0.27791563275434245,0.0030928177239108734,0.0015757018346436752,-0.008508093230013303,0.16264659526098266,0.6116931827295543,0.7011637088872307,0.04744752205414248,1.1462669990180905,-0.04873062473789813,-0.31828983427855273,0.038219522586328436,0.6548762499528771,-0.0592729154777798,-0.23831327691426496,0,,0.3,1.0,0.95,False,realized
TSLA,covered call,403,0.19247255352975357,0.26157499845012067,0.8009971914552761,-0.3753607676730908,-0.1919967755619102,2.888834752642952,0.43998335172296943,0.6230785934090316,0.8868222446588867,-0.7224590781183957,-0.2586126635927234,15.663630203743672,0.2704714640198511,0.012749246185236351,0.0037153463605519793,0.04024359812658869,0.679050556005982,3.9967137508320327,4.897285396724174,0.3083207803811706,1.225328032487856,-0.3057635949330837,-0.4656075390275376,2.6093929114406103,7.2528707095113205,-0.147996056394876,-0.41807187926454237,0,,0.3,1.15,1.0,False,realized
TSLA,cash-secured put,403,0.017161189980157365,0.05259312025357088,0.34887220264842617,-0.1050371429710979,-0.05668686314159177,0.14028683271768583,0.43998335172296943,0.6230785934090316,0.8868222446588867,-0.7224590781183957,-0.2586126635927234,15.663630203743672,0.31265508684863524,0.01439218180274099,0.0027960383607741556,-0.033192757744972747,0.679050556005982,1.218942988310902,0.9862377276985124,0.09241842789470507,0.8090925803389287,-0.031620781842400025,-0.4656075390275376,0.13471232753569495,7.2528707095113205,-0.019081978277164513,-0.41807187926454237,0,,0.3,1.15,1.0,False,realized
NVDA,covered call,403,0.2558803535159442,0.18841003834167053,1.3002927648032518,-0.30131932404547046,-0.093278012035234,4.799785758409009,0.7124746630890002,0.4557777410365763,1.4045524597660106,-0.6593603447500802,-0.16070102294926447,62.455886688590034,0.3424317617866005,0.010286948490858452,0.003902069715811137,0.03161445744190319,0.5437346870444495,4.730616753203924,5.649663984899114,0.3440851736772018,1.1942764082659503,-0.18716186865487838,-0.28957838084136167,1.0321878480353464,1.540699144095934,-0.2677717365827216,-0.618012717262129,0,,0.3,1.15,1.0,False,realized
NVDA,cash-secured put,403,0.04827908908724843,0.03971513858593021,1.202401091808193,-0.07412516133290581,-0.03656891626659364,0.43874840184524966,0.7124746630890002,0.4557777410365763,1.4045524597660106,-0.6593603447500802,-0.16070102294926447,62.455886688590034,0.2655086848635236,0.011343025400947641,0.0029048068390516678,-0.027084295027849998,0.5437346870444495,1.4878999809166953,0.9290250580555166,0.12012652101592822,0.6243867665642042,0.04393049628449264,-0.28957838084136167,0.17075895840941557,1.540699144095934,-0.05184312795313151,-0.618012717262129,0,,0.3,1.15,1.0,False,realized
AMZN,covered call,403,0.06717235403132316,0.1283010563074386,0.5687650554889804,-0.2799436451220778,-0.07809500181481543,0.6513423419207329,0.1562080666972765,0.3176041518493253,0.6132732848657371,-0.5483069461227306,-0.13902669542739532,2.064356671598704,0.3176178660049628,0.007063904762260744,0.0025098246067881925,0.020960635083249902,0.36895872820537234,1.503228769122765,1.5877312446359226,0.1130950490311069,1.0562139823617602,-0.11440584165960732,-0.13526821795938038,0.5782849775651451,0.7642314544694875,-0.16725537391388945,-0.35879361685672617,0,,0.3,1.15,1.0,False,realized
AMZN,cash-secured put,403,0.004110429500678192,0.040606285122546264,0.12107975271520863,-0.1490754671489143,-0.0398800536423336,0.03215417234029316,0.1562080666972765,0.3176041518493253,0.6132732848657371,-0.5483069461227306,-0.13902669542739532,2.064356671598704,0.28287841191067,0.007550963133300051,0.002362001156450844,-0.018871742317570044,0.36895872820537234,1.0195141258627953,0.9077563125400008,0.0796036409825018,0.890381299790019,-0.008291923942447599,-0.13526821795938038,0.08912192510925654,0.7642314544694875,-0.08478170897417081,-0.35879361685672617,0,,0.3,1.15,1.0,False,realized
SPY,covered call,403,0.08393044461770627,0.1134075587597815,0.7653688979753442,-0.2654239299109987,-0.11633169842145052,0.8622806771741698,0.17180129370546382,0.18062478506713742,0.96594582429741,-0.31828983427855273,-0.14545732451246196,2.3980248228094516,0.36228287841191065,0.0036039207436280294,0.0019049414017011303,0.010402532347922284,0.18704358455013004,1.0488925621775738,1.2380382421350475,0.07318428618087133,1.1803289362304126,-0.2654239299109987,-0.31828983427855273,0.5027617454993061,0.6548762499528771,-0.16227692245774872,-0.23831327691426496,0,,0.3,1.15,1.0,False,realized
SPY,cash-secured put,403,0.005488647367996924,0.03383883098393391,0.1781382294092019,-0.057419614611088354,-0.047244601703268385,0.04313496891803048,0.17180129370546382,0.18062478506713742,0.96594582429741,-0.31828983427855273,-0.14545732451246196,2.3980248228094516,0.2531017369727047,0.003758235494583819,0.0018221849493856065,-0.009740701592661726,0.18704358455013004,0.7741148130764869,0.6686007543027299,0.06237908985572578,0.8636971454474266,-0.03835496161367713,-0.31828983427855273,0.07916794603949451,0.6548762499528771,-0.027176012552518003,-0.23831327691426496,0,,0.3,1.15,1.0,False,realized
TSLA,covered call,403,0.18499985340126313,0.2655442709794177,0.7693405772430897,-0.38137317063490883,-0.19466417265063896,2.7047259254285976,0.43998335172296943,0.6230785934090316,0.8868222446588867,-0.7224590781183957,-0.2586126635927234,15.663630203743672,0.2704714640198511,0.012111783875974533,0.00360418088678658,0.04024359812658869,0.679050556005982,3.796878063290431,4.897285396724174,0.29259392005392526,1.2898189815661643,-0.3120849656920692,-0.4656075390275376,2.62081506646932,7.2528707095113205,-0.15918747881402517,-0.41807187926454237,0,,0.3,1.15,0.95,False,realized
TSLA,cash-secured put,403,0.010535186106885419,0.053462547198149094,0.22237459670875848,-0.11005191317890062,-0.05856698272160421,0.08421536719639233,0.43998335172296943,0.6230785934090316,0.8868222446588867,-0.7224590781183957,-0.2586126635927234,15.663630203743672,0.31265508684863524,0.01367257271260394,0.002721968909831343,-0.033192757744972747,0.679050556005982,1.1579958388953568,0.9862377276985124,0.08754274400045194,0.8516764003567672,-0.03546318834615614,-0.4656075390275376,0.12277975421879561,7.2528707095113205,-0.023797335017180732,-0.41807187926454237,0,,0.3,1.15,0.95,False,realized
NVDA,covered call,403,0.24963817271286892,0.1917634987140939,1.254928977141458,-0.3155000826067732,-0.09517141068994173,4.581054311069279,0.7124746630890002,0.4557777410365763,1.4045524597660106,-0.6593603447500802,-0.16070102294926447,62.455886688590034,0.3424317617866005,0.009772601066315528,0.003789823666826541,0.03161445744190319,0.5437346870444495,4.494085915543728,5.649663984899114,0.32628578335673686,1.257133061332579,-0.19113991673848074,-0.28957838084136167,1.0292683870487465,1.540699144095934,-0.2806694856830605,-0.618012717262129,0,,0.3,1.15,0.95,False,realized
NVDA,cash-secured put,403,0.041707496458797344,0.04018801280090952,1.0328307829655374,-0.07814506123608422,-0.03712989714082737,0.3706085677364972,0.7124746630890002,0.4557777410365763,1.4045524597660106,-0.6593603447500802,-0.16070102294926447,62.455886688590034,0.2655086848635236,0.010775874130900257,0.0028263799253506515,-0.027084295027849998,0.5437346870444495,1.4135049818708607,0.9290250580555166,0.11387135607884742,0.6572492279623202,0.042351322448689555,-0.28957838084136167,0.1609241508639172,1.540699144095934,-0.059927458315338966,-0.618012717262129,0,,0.3,1.15,0.95,False,realized
AMZN,covered call,403,0.0612612620808608,0.1304095039066052,0.5192341471415968,-0.29442651154676847,-0.07904255491692191,0.5820708976705273,0.1562080666972765,0.3176041518493253,0.6132732848657371,-0.5483069461227306,-0.13902669542739532,2.064356671598704,0.3176178660049628,0.006710709524147707,0.002435060953352272,0.020960635083249902,0.36895872820537234,1.428067330666627,1.5877312446359226,0.10720505482517315,1.1118041919597474,-0.11664131687280654,-0.13526821795938038,0.5716072621955111,0.7642314544694875,-0.1772099713918004,-0.35879361685672617,0,,0.3,1.15,0.95,False,realized
AMZN,cash-secured put,403,-0.001921343146479293,0.04145700400538268,-0.025227616899870145,-0.16160853949865894,-0.04123613963268502,-0.01472838802942511,0.1562080666972765,0.3176041518493253,0.6132732848657371,-0.5483069461227306,-0.13902669542739532,2.064356671598704,0.28287841191067,0.0071734149766350475,0.0022943129843504637,-0.018871742317570044,0.36895872820537234,0.9685384195696556,0.9077563125400008,0.0755104950590802,0.9372434734631779,-0.009775575526230984,-0.13526821795938038,0.08018058357692892,0.7642314544694875,-0.09340645823536942,-0.35879361685672617,0,,0.3,1.15,0.95,False,realized
SPY,covered call,403,0.08022186804815856,0.11464254090652656,0.7285807514473703,-0.26781142928743884,-0.11759630278976951,0.8136828882193836,0.17180129370546382,0.18062478506713742,0.96594582429741,-0.31828983427855273,-0.14545732451246196,2.3980248228094516,0.36228287841191065,0.0034237247064466277,0.0018373689964794947,0.010402532347922284,0.18704358455013004,0.9964479340686949,1.2380382421350475,0.06933744702677791,1.2424515118214872,-0.26781142928743884,-0.31828983427855273,0.49759095296418976,0.6548762499528771,-0.16916174474828916,-0.23831327691426496,0,,0.3,1.15,0.95,False,realized
SPY,cash-secured put,403,0.000989906762796533,0.03415240610902769,0.04610582720296966,-0.07269644154794097,-0.047662681614498825,0.007662824183233052,0.17180129370546382,0.18062478506713742,0.96594582429741,-0.31828983427855273,-0.14545732451246196,2.3980248228094516,0.2531017369727047,0.0035703237198546284,0.0017602111812508817,-0.009740701592661726,0.18704358455013004,0.7354090724226625,0.6686007543027299,0.059145493936699246,0.9091548899446595,-0.0399372607062094,-0.31828983427855273,0.07155708784850656,0.6548762499528771,-0.032519102419957036,-0.23831327691426496,0,,0.3,1.15,0.95,False,realized
