ticker,vault,weeks,cagr,vol,sharpe,max_dd,worst_week,total,bh_cagr,bh_vol,bh_sharpe,bh_max_dd,bh_worst_week,bh_total,assigned,avg_premium_yield,avg_vault_yield,avg_strike_vs_spot,avg_sigma,premium_total,payout_total,fees_total,overlay_ratio,2020 crash,2020 crash bh,2020 rebound,2020 rebound bh,2022 bear,2022 bear bh,mandate_rejects,mandate_reasons,variant,delta,vrp,premium_bps,reinvest,vol_source,sigma_floor
TSLA,covered call,403,0.31237491744577106,0.5410913462341179,0.770019234707053,-0.7392869270912374,-0.24879564662818088,7.144191445671453,0.43998335172296943,0.6230785934090316,0.8868222446588867,-0.7224590781183957,-0.2586126635927234,15.663630203743672,0.18362282878411912,0.00750579979095639,0.006004639832765112,0.06369222555020264,0.679050556005982,13.942578609256067,17.82769312532472,1.1820818335153611,1.27865107488004,-0.4353422814369371,-0.4656075390275376,6.408378865027432,7.2528707095113205,-0.417805684218965,-0.41807187926454237,0,,reinvested,0.2,1.15,1.0,True,realized,0.01
TSLA,cash-secured put,403,-0.0034094487871447754,0.12437047302058041,0.0370771876003355,-0.33964983107605284,-0.10389257094080273,-0.026005615209341526,0.43998335172296943,0.6230785934090316,0.8868222446588867,-0.7224590781183957,-0.2586126635927234,15.663630203743672,0.20099255583126552,0.008627418647510113,0.006901934918008092,-0.05420088358708449,0.679050556005982,2.968567163022259,2.74684806166581,0.24772471656579279,0.925311071240605,-0.032950697749887015,-0.4656075390275376,0.18533844126572885,7.2528707095113205,-0.05767202725002063,-0.41807187926454237,0,,reinvested,0.2,1.15,1.0,True,realized,0.01
NVDA,covered call,403,0.6001041250451857,0.3955946062485199,1.38556619167431,-0.6156415388089227,-0.1551643114634932,36.58871727443765,0.7124746630890002,0.4557777410365763,1.4045524597660106,-0.6593603447500802,-0.16070102294926447,62.455886688590034,0.23573200992555832,0.006051717970496758,0.004841374376397408,0.050165462926602275,0.5437346870444495,22.838051316613896,29.47607729481683,1.8327452001330906,1.290656408735451,-0.2663187962304454,-0.28957838084136167,1.6971363057017634,1.540699144095934,-0.5821163037028073,-0.618012717262129,0,,reinvested,0.2,1.15,1.0,True,realized,0.01
NVDA,cash-secured put,403,0.06052769449450879,0.08636460885155249,0.722117620554979,-0.15052327703892265,-0.06927537151231988,0.573653327532861,0.7124746630890002,0.4557777410365763,1.4045524597660106,-0.6593603447500802,-0.16070102294926447,62.455886688590034,0.15632754342431762,0.006776191391407514,0.005420953113126011,-0.04403203617651608,0.5437346870444495,2.9824219340195617,2.1512541175579933,0.25751448892870954,0.7213111240295362,0.0389812007454744,-0.28957838084136167,0.21703207366980148,1.540699144095934,-0.1302988485743548,-0.618012717262129,0,,reinvested,0.2,1.15,1.0,True,realized,0.01
AMZN,covered call,403,0.11064845181535521,0.2756980183073733,0.5182262961437795,-0.5527903974068485,-0.13559020448425496,1.2471682974377263,0.1562080666972765,0.3176041518493253,0.6132732848657371,-0.5483069461227306,-0.13902669542739532,2.064356671598704,0.22084367245657568,0.004152270928716297,0.003321816742973037,0.03337343014740625,0.36895872820537234,2.2980690633131493,2.826093936433284,0.18842275514145326,1.2297689314693074,-0.13696235071734908,-0.13526821795938038,0.7710476857812041,0.7642314544694875,-0.3632982052321966,-0.35879361685672617,0,,reinvested,0.2,1.15,1.0,True,realized,0.01
AMZN,cash-secured put,403,-0.028379643611873284,0.08706323275762694,-0.2840241585530365,-0.33318860624215263,-0.0908153171276419,-0.19918349840479144,0.1562080666972765,0.3176041518493253,0.6132732848657371,-0.5483069461227306,-0.13902669542739532,2.064356671598704,0.18858560794044665,0.004488281301595465,0.003590625041276372,-0.030523134336892202,0.36895872820537234,1.3645681961418072,1.449193467860038,0.11455822668656145,1.0620161542365572,-0.004558486127907546,-0.13526821795938038,0.09190762880800984,0.7642314544694875,-0.20152304757072503,-0.35879361685672617,0,,reinvested,0.2,1.15,1.0,True,realized,0.01
SPY,covered call,403,0.14613225869786461,0.1646231447470859,0.9089739614305059,-0.30628882481243846,-0.13913485827924954,1.8642544691547895,0.17180129370546382,0.18062478506713742,0.96594582429741,-0.31828983427855273,-0.14545732451246196,2.3980248228094516,0.23325062034739455,0.002116410309976122,0.0016931282479808974,0.016611500012440224,0.18704358455013004,1.140585478128043,1.3707647643854668,0.0903426576605025,1.2018080105975046,-0.30628882481243846,-0.31828983427855273,0.6637589096652503,0.6548762499528771,-0.24752494293508354,-0.23831327691426496,0,,reinvested,0.2,1.15,1.0,True,realized,0.01
SPY,cash-secured put,403,-0.011979658244263836,0.04413854099546261,-0.24931067114207503,-0.1419651363986154,-0.05994768819010299,-0.08879219295844087,0.17180129370546382,0.18062478506713742,0.96594582429741,-0.31828983427855273,-0.14545732451246196,2.3980248228094516,0.16377171215880892,0.002222934206727141,0.0017783473653817127,-0.015707043341406064,0.18704358455013004,0.7106875925557825,0.737932766979108,0.06154701853511564,1.0383363586317107,-0.03990802057482712,-0.31828983427855273,0.05276890070168072,0.6548762499528771,-0.04035436577637541,-0.23831327691426496,0,,reinvested,0.2,1.15,1.0,True,realized,0.01
TSLA,covered call,403,0.1886660582918107,0.5308443694435846,0.5893385394570394,-0.7721012854016174,-0.25000538093928615,2.7940811338707428,0.43998335172296943,0.6230785934090316,0.8868222446588867,-0.7224590781183957,-0.2586126635927234,15.663630203743672,0.20843672456575682,0.0065581130112426335,0.005246490408994108,0.05478581092950756,0.5904787443530277,7.838114836617815,13.749920732628455,0.6378441208931189,1.754238234478536,-0.4391453571055396,-0.4656075390275376,5.432193492635334,7.2528707095113205,-0.46228069864813903,-0.41807187926454237,0,,reinvested_vrp1,0.2,1.0,1.0,True,realized,0.01
TSLA,cash-secured put,403,-0.10115110012607942,0.13456445471208062,-0.7182340710372592,-0.5922970881741267,-0.10758354793748492,-0.5607815061724262,0.43998335172296943,0.6230785934090316,0.8868222446588867,-0.7224590781183957,-0.2586126635927234,15.663630203743672,0.23076923076923078,0.007404857177053706,0.005923885741642966,-0.047615777772392745,0.5904787443530277,1.8026674559819995,2.2180099729468647,0.14543898920755968,1.2304044018693443,-0.06050778355546582,-0.4656075390275376,0.0921410928007651,7.2528707095113205,-0.15806535750643258,-0.41807187926454237,0,,reinvested_vrp1,0.2,1.0,1.0,True,realized,0.01
NVDA,covered call,403,0.46103925240964094,0.3856342316275219,1.1754570017370847,-0.6469456418682522,-0.1558631292842546,17.638451398756768,0.7124746630890002,0.4557777410365763,1.4045524597660106,-0.6593603447500802,-0.16070102294926447,62.455886688590034,0.2655086848635236,0.005283394967927561,0.0042267159743420496,0.043239994190565574,0.4728127713429996,11.966850210681494,21.10537864755979,0.9325214470231128,1.7636536161137317,-0.26927117125779165,-0.28957838084136167,1.5200182026454598,1.540699144095934,-0.6119296624729296,-0.618012717262129,0,,reinvested_vrp1,0.2,1.0,1.0,True,realized,0.01
NVDA,cash-secured put,403,-0.013517738782860333,0.09428158507466587,-0.09516307943412675,-0.3047419153031681,-0.07640609052062519,-0.0996792917621232,0.7124746630890002,0.4557777410365763,1.4045524597660106,-0.6593603447500802,-0.16070102294926447,62.455886688590034,0.18610421836228289,0.005830587791136501,0.0046644702329092,-0.038605094280833266,0.4728127713429996,1.965715767829983,1.899255243652271,0.16613981593983534,0.9661901658086205,0.03329584754843529,-0.28957838084136167,0.15802162691047172,1.540699144095934,-0.21529675595608821,-0.618012717262129,0,,reinvested_vrp1,0.2,1.0,1.0,True,realized,0.01
AMZN,covered call,403,0.04878745525359407,0.26998004583697466,0.31210743548966496,-0.5930997538920224,-0.1360317753431709,0.4441403110601263,0.1562080666972765,0.3176041518493253,0.6132732848657371,-0.5483069461227306,-0.13902669542739532,2.064356671598704,0.24069478908188585,0.0036205406987048624,0.0028964325589638904,0.028847956098856254,0.3208336767003238,1.5981658511809163,2.611429602377382,0.12678939091321312,1.6340166450482878,-0.14478178467225222,-0.13526821795938038,0.6951722726445726,0.7642314544694875,-0.39537721306551177,-0.35879361685672617,0,,reinvested_vrp1,0.2,1.0,1.0,True,realized,0.01
AMZN,cash-secured put,403,-0.0792632331741383,0.09249864572007037,-0.8401226539025909,-0.5014851301950755,-0.09453408894127613,-0.4711946729806086,0.1562080666972765,0.3176041518493253,0.6132732848657371,-0.5483069461227306,-0.13902669542739532,2.064356671598704,0.21339950372208435,0.0038747673238610867,0.0030998138590888694,-0.02669162276161624,0.3208336767003238,0.9836817990328284,1.3745925282341878,0.08028394377924886,1.3973955089803523,-0.013478798815726112,-0.13526821795938038,0.04200167646236075,0.7642314544694875,-0.2528914493231996,-0.35879361685672617,0,,reinvested_vrp1,0.2,1.0,1.0,True,realized,0.01
SPY,covered call,403,0.11010508495363247,0.16161534334533165,0.7258005890622138,-0.3078231974242426,-0.13992897854269282,1.2387001273156217,0.17180129370546382,0.18062478506713742,0.96594582429741,-0.31828983427855273,-0.14545732451246196,2.3980248228094516,0.28287841191067,0.0018436279697457226,0.0014749023757965778,0.01438975187908721,0.16264659526098266,0.863854814768525,1.4369787972522627,0.06559072408061467,1.6634494277111944,-0.3078231974242426,-0.31828983427855273,0.6024068708153918,0.6548762499528771,-0.2705913856673354,-0.23831327691426496,0,,reinvested_vrp1,0.2,1.0,1.0,True,realized,0.01
SPY,cash-secured put,403,-0.03551790808089483,0.04675053726319972,-0.7459866678997862,-0.26339957204796693,-0.06222013351445066,-0.2434713676951994,0.17180129370546382,0.18062478506713742,0.96594582429741,-0.31828983427855273,-0.14545732451246196,2.3980248228094516,0.1935483870967742,0.0019240759025931826,0.0015392607220745457,-0.013706270828376908,0.16264659526098266,0.5649597557600505,0.7603072308070383,0.0481238926482096,1.3457723723775392,-0.04709282803498138,-0.31828983427855273,0.027090905600531956,0.6548762499528771,-0.06996373643342568,-0.23831327691426496,0,,reinvested_vrp1,0.2,1.0,1.0,True,realized,0.01
SPY,covered call,403,0.13324246450798194,0.13228318473624875,1.0095327048405007,-0.28519137874626665,-0.1273264228736759,1.6249136717599373,0.17180129370546382,0.18062478506713742,0.96594582429741,-0.31828983427855273,-0.14545732451246196,2.3980248228094516,0.1935483870967742,0.0022885937629820003,0.0014311082268733757,0.017858044942518855,0.20167344912110133,0.9525112673738347,0.836926620604219,0.07797673141341943,0.8786527249296548,-0.28519137874626665,-0.31828983427855273,0.548098597474866,0.6548762499528771,-0.20044995360984608,-0.23831327691426496,0,,vix_iv,0.2,1.0,1.0,False,vix,0.01
SPY,cash-secured put,403,0.011061360397092601,0.029174321498089874,0.39021677634407004,-0.04922970383387859,-0.042946435450049836,0.08857855457973152,0.17180129370546382,0.18062478506713742,0.96594582429741,-0.31828983427855273,-0.14545732451246196,2.3980248228094516,0.15384615384615385,0.0023872198936017892,0.0013836283520491496,-0.017019608708357635,0.20167344912110133,0.5926694747854895,0.4531738498221223,0.05091707038363519,0.7646316692556906,-0.0346528609876382,-0.31828983427855273,0.05155839192921552,0.6548762499528771,-0.030640631403844543,-0.23831327691426496,0,,vix_iv,0.2,1.0,1.0,False,vix,0.01
SPY,covered call,403,0.15187671505159783,0.13249649584252787,1.130707068571541,-0.27921359670258405,-0.12382576943960044,1.976894648606562,0.17180129370546382,0.18062478506713742,0.96594582429741,-0.31828983427855273,-0.14545732451246196,2.3980248228094516,0.1513647642679901,0.0026408002064989577,0.001612091562212242,0.020771306105386373,0.23340746203135315,1.1548735008995816,0.7738851496598746,0.09894720784615582,0.6701038244076616,-0.27921359670258405,-0.31828983427855273,0.5735911522891999,0.6548762499528771,-0.1902482959564301,-0.23831327691426496,0,,sigma_floor_20,0.2,1.15,1.0,False,realized,0.2
SPY,cash-secured put,403,0.026708567626176904,0.028820877673318715,0.9253049171322111,-0.04802050303878891,-0.04466666725158641,0.22551338067735593,0.17180129370546382,0.18062478506713742,0.96594582429741,-0.31828983427855273,-0.14545732451246196,2.3980248228094516,0.1315136476426799,0.0027797932270962997,0.0015549150689711637,-0.019594081640183017,0.23340746203135315,0.7055826944728816,0.41706889352158205,0.06300042027394523,0.5910985300357472,-0.03579379029325103,-0.31828983427855273,0.05658118954521307,0.6548762499528771,-0.02495124103471047,-0.23831327691426496,0,,sigma_floor_20,0.2,1.15,1.0,False,realized,0.2
SPY,covered call,403,0.14119750045658885,0.13175754190763883,1.065836978291552,-0.28097957170332755,-0.12487905162846813,1.7704720832472303,0.17180129370546382,0.18062478506713742,0.96594582429741,-0.31828983427855273,-0.14545732451246196,2.3980248228094516,0.16377171215880892,0.0025208506328882447,0.0015470042437555414,0.019753320881163394,0.22252248383974643,1.0647928446054484,0.8261033837138514,0.09044720329758044,0.7758348376392014,-0.28097957170332755,-0.31828983427855273,0.5381052314976349,0.6548762499528771,-0.20870032834831842,-0.23831327691426496,0,,sigma_floor_20_vrp1,0.2,1.0,1.0,False,realized,0.2
SPY,cash-secured put,403,0.019858992837058276,0.030025223171164447,0.6673631056709559,-0.05161432868417948,-0.04532673587406977,0.16382947368887746,0.17180129370546382,0.18062478506713742,0.96594582429741,-0.31828983427855273,-0.14545732451246196,2.3980248228094516,0.141439205955335,0.002641900074780212,0.0014919097359862496,-0.01872858839214423,0.22252248383974643,0.6580553191615892,0.43588091051851297,0.05834493495419897,0.6623773075398239,-0.0409534153422777,-0.31828983427855273,0.03944521843907833,0.6548762499528771,-0.04060174497280311,-0.23831327691426496,0,,sigma_floor_20_vrp1,0.2,1.0,1.0,False,realized,0.2
